id,home_id,image_url
0,4,https://loremflickr.com/320/240/dog
1,6,https://loremflickr.com/320/240/dog
2,5,https://loremflickr.com/320/240/dog
3,0,https://loremflickr.com/320/240/dog
4,4,https://loremflickr.com/320/240/dog
5,5,https://loremflickr.com/320/240/dog
6,3,https://loremflickr.com/320/240/dog
7,0,https://loremflickr.com/320/240/dog
8,7,https://loremflickr.com/320/240/dog
9,7,https://loremflickr.com/320/240/dog
10,1,https://loremflickr.com/320/240/dog
11,6,https://loremflickr.com/320/240/dog
12,4,https://loremflickr.com/320/240/dog
13,1,https://loremflickr.com/320/240/dog
14,4,https://loremflickr.com/320/240/dog
15,5,https://loremflickr.com/320/240/dog
16,1,https://loremflickr.com/320/240/dog
17,6,https://loremflickr.com/320/240/dog
18,7,https://loremflickr.com/320/240/dog
19,9,https://loremflickr.com/320/240/dog
20,3,https://loremflickr.com/320/240/dog
21,3,https://loremflickr.com/320/240/dog
22,1,https://loremflickr.com/320/240/dog
23,9,https://loremflickr.com/320/240/dog
24,6,https://loremflickr.com/320/240/dog
25,9,https://loremflickr.com/320/240/dog
26,7,https://loremflickr.com/320/240/dog
27,2,https://loremflickr.com/320/240/dog
28,6,https://loremflickr.com/320/240/dog
29,3,https://loremflickr.com/320/240/dog
30,9,https://loremflickr.com/320/240/dog
31,6,https://loremflickr.com/320/240/dog
32,6,https://loremflickr.com/320/240/dog
33,2,https://loremflickr.com/320/240/dog
34,7,https://loremflickr.com/320/240/dog
35,1,https://loremflickr.com/320/240/dog
36,0,https://loremflickr.com/320/240/dog
37,6,https://loremflickr.com/320/240/dog
38,5,https://loremflickr.com/320/240/dog
39,3,https://loremflickr.com/320/240/dog
40,0,https://loremflickr.com/320/240/dog
41,0,https://loremflickr.com/320/240/dog
42,2,https://loremflickr.com/320/240/dog
43,1,https://loremflickr.com/320/240/dog
44,8,https://loremflickr.com/320/240/dog
45,1,https://loremflickr.com/320/240/dog
46,9,https://loremflickr.com/320/240/dog
47,8,https://loremflickr.com/320/240/dog
48,8,https://loremflickr.com/320/240/dog
49,5,https://loremflickr.com/320/240/dog
50,8,https://loremflickr.com/320/240/dog
51,9,https://loremflickr.com/320/240/dog
52,2,https://loremflickr.com/320/240/dog
53,1,https://loremflickr.com/320/240/dog
54,3,https://loremflickr.com/320/240/dog
55,7,https://loremflickr.com/320/240/dog
56,7,https://loremflickr.com/320/240/dog
57,7,https://loremflickr.com/320/240/dog
58,2,https://loremflickr.com/320/240/dog
59,3,https://loremflickr.com/320/240/dog
60,3,https://loremflickr.com/320/240/dog
61,6,https://loremflickr.com/320/240/dog
62,7,https://loremflickr.com/320/240/dog
63,7,https://loremflickr.com/320/240/dog
64,6,https://loremflickr.com/320/240/dog
65,3,https://loremflickr.com/320/240/dog
66,2,https://loremflickr.com/320/240/dog
67,5,https://loremflickr.com/320/240/dog
68,6,https://loremflickr.com/320/240/dog
69,7,https://loremflickr.com/320/240/dog
70,9,https://loremflickr.com/320/240/dog
71,3,https://loremflickr.com/320/240/dog
72,5,https://loremflickr.com/320/240/dog
73,6,https://loremflickr.com/320/240/dog
74,0,https://loremflickr.com/320/240/dog
75,0,https://loremflickr.com/320/240/dog
76,9,https://loremflickr.com/320/240/dog
77,2,https://loremflickr.com/320/240/dog
78,4,https://loremflickr.com/320/240/dog
79,1,https://loremflickr.com/320/240/dog
80,8,https://loremflickr.com/320/240/dog
81,4,https://loremflickr.com/320/240/dog
82,2,https://loremflickr.com/320/240/dog
83,8,https://loremflickr.com/320/240/dog
84,7,https://loremflickr.com/320/240/dog
85,8,https://loremflickr.com/320/240/dog
86,4,https://loremflickr.com/320/240/dog
87,2,https://loremflickr.com/320/240/dog
88,6,https://loremflickr.com/320/240/dog
89,6,https://loremflickr.com/320/240/dog
90,9,https://loremflickr.com/320/240/dog
91,3,https://loremflickr.com/320/240/dog
92,9,https://loremflickr.com/320/240/dog
93,0,https://loremflickr.com/320/240/dog
94,4,https://loremflickr.com/320/240/dog
95,9,https://loremflickr.com/320/240/dog
96,1,https://loremflickr.com/320/240/dog
97,8,https://loremflickr.com/320/240/dog
98,6,https://loremflickr.com/320/240/dog
99,1,https://loremflickr.com/320/240/dog
