id,owner_name,email,phone
0,Gage_Heathcote7,Natasha.Runte@hotmail.com,1-796-271-1804
1,Dedric.Mante25,Ila.Emmerich12@yahoo.com,(361) 938-4890 x8835
2,Bulah_Douglas52,Brielle66@hotmail.com,659.224.6878
3,Friedrich_Rempel83,Verdie48@yahoo.com,1-277-935-1465 x35183
4,Stefan_Beahan,Malinda97@yahoo.com,(281) 471-7170 x45304
5,Garth_Labadie,Freida38@gmail.com,860-654-9019 x18328
6,Eda_Yost39,Marlene_Mertz@gmail.com,1-586-367-8888 x264
7,Clint.Wisozk10,Hosea36@hotmail.com,1-253-383-3721 x5146
8,Aileen_Corkery2,Yessenia.Goodwin@hotmail.com,920.956.7659
9,Sven.Feil,Freeda69@yahoo.com,575.670.6479 x2135
10,Camren_Schmidt95,Eliane_Durgan@hotmail.com,990.962.5023 x0827
11,Meaghan.Jones1,Tyrel23@hotmail.com,(817) 451-2541
12,Rusty18,Thomas.Gutkowski24@yahoo.com,244.213.8919 x9202
13,Okey_Price,Keshaun27@gmail.com,1-619-823-9824 x41365
14,Tavares50,Jocelyn.Roberts27@yahoo.com,1-365-853-7866 x83387
15,Zion_Turcotte,Jeffery.Schuster@yahoo.com,208-305-0613
16,Jaycee45,Heaven43@hotmail.com,859-558-6410 x46762
17,Bryana.Reinger7,Gerardo43@yahoo.com,554-463-6012 x8452
18,Ross.Walker39,Buddy31@yahoo.com,(384) 719-8259 x83095
19,Alda_Krajcik,Kellen9@yahoo.com,272.675.4517
20,Janessa.Daugherty,Gardner.Franecki@gmail.com,1-287-997-7905
21,Summer42,Trinity32@gmail.com,(358) 398-4265
22,Melvina.Cummerata84,Shanie_Stanton60@hotmail.com,(824) 409-9619 x11286
23,Brionna.Parker96,Conrad17@yahoo.com,376.715.9637
24,Morton_Hayes,Karolann.McDermott@yahoo.com,827.446.5950
25,Shanon35,Jeffrey89@hotmail.com,1-559-552-8403 x9256
26,Georgette_Dickens,Mariane_Johnson90@yahoo.com,229-771-4100
27,Alicia.Rath47,Alexys62@hotmail.com,225-393-3826 x37979
28,Kendall_Wunsch,Sammie_Hills49@hotmail.com,1-582-238-0064 x12612
29,Rickie_Bode57,Anya.OConnell49@hotmail.com,898.891.3792 x421
30,Juvenal.Hagenes,Michaela_Witting95@hotmail.com,249.908.5932
31,Halie.OKon53,Salvador.Macejkovic@hotmail.com,273.957.7782
32,Destiney36,Colten_Grant@hotmail.com,706.869.5237
33,Jason.Deckow18,Fredy78@gmail.com,829.650.6942 x008
34,Letha_Torphy45,Alejandrin_Lynch@gmail.com,(330) 295-9460 x60953
35,Claudia.Koepp,Paige17@hotmail.com,338.501.7014 x4129
36,Elinore_Quigley,Silas82@hotmail.com,(228) 361-7258
37,Lilyan_Fay,Emile_Wunsch70@gmail.com,(545) 303-3170
38,Tristian.Bednar63,Gladys46@hotmail.com,818.270.8420
39,Diamond_Rohan,Coy.Robel10@gmail.com,946-768-9065
40,Edmund45,Carey_Parker@gmail.com,1-353-361-6910 x2621
41,Ransom92,Cassidy41@gmail.com,(329) 756-4553
42,Orlo7,Eulalia_Lang35@gmail.com,(351) 472-6737 x5626
43,Hester.DuBuque,Carolina_McKenzie27@gmail.com,1-760-859-4507 x65970
44,Easter52,Emmalee.Lueilwitz67@yahoo.com,1-505-315-6846 x06776
45,Robyn.Farrell75,Arthur25@gmail.com,1-886-216-2608 x77436
46,Elmore.Orn,Twila_Adams71@hotmail.com,(310) 899-8063 x129
47,Marcelina.Bailey82,Una68@gmail.com,509-420-2008 x697
48,Edwardo_Christiansen,Max99@gmail.com,652-425-0957 x6501
49,Danial23,Odell.Zboncak@yahoo.com,(404) 664-8098 x7815
50,Laney_Crona59,Aliyah98@hotmail.com,487-479-5198 x34438
51,Roscoe_Schmeler50,Darron79@gmail.com,432.329.3972 x36686
52,Michelle.Upton74,Wade.Casper72@gmail.com,295-200-4535
53,Tierra.Crona37,Diego78@yahoo.com,1-218-638-7504
54,Earlene_Simonis51,Stewart22@yahoo.com,501-925-3142 x668
55,Brook.Gibson79,Fredy5@gmail.com,703.336.0836 x97467
56,Jeremy30,Jarrod_Rowe65@hotmail.com,626.242.7909
57,Miles_Reilly98,Eden.Koss@yahoo.com,469-411-5113 x46245
58,Kennedy30,Cameron3@yahoo.com,418.356.1732
59,Kamryn_Sawayn47,Elissa_Hackett13@yahoo.com,839.722.5712
60,Zula56,Josie41@yahoo.com,863.354.4881
61,Zane64,Andres.Lynch@yahoo.com,1-957-728-4823 x026
62,Dell_Schulist,Myrl_Langworth@gmail.com,1-937-370-9026 x55403
63,Destin_Lesch,Marlene38@hotmail.com,(852) 902-5632 x74596
64,Torey.Bogan96,Miracle.Langworth28@gmail.com,1-721-655-4460 x92919
65,Dion.Swaniawski,Khalil_Feeney@yahoo.com,1-821-983-3387
66,Andy_Blanda,Elmo.Weimann4@hotmail.com,846.266.0814 x328
67,Cedrick.Okuneva,Mya76@yahoo.com,351-644-3857 x142
68,Drake16,Arlo_Graham37@hotmail.com,666-362-0568
69,Frieda57,Gwendolyn10@gmail.com,1-799-315-8813 x572
70,Jack_Hackett70,Heloise.Leannon@hotmail.com,1-294-225-7082
71,Tyra.Langosh,Omer76@hotmail.com,218-419-1723 x519
72,Mercedes_Schroeder,Javonte_Bode80@hotmail.com,290.284.1446 x673
73,Lera39,Yessenia.Kihn12@yahoo.com,642-979-5681 x38693
74,Kristian_Windler,Fleta60@gmail.com,1-870-896-0317
75,Jordi.Pacocha79,Augustus45@yahoo.com,(271) 821-6812 x571
76,Alford_Lemke14,Bernhard1@yahoo.com,731.238.8773 x048
77,Vivien.Cremin58,Tressa22@hotmail.com,728.599.5030 x786
78,Nya56,Darlene_Bartoletti29@yahoo.com,(399) 713-7851
79,Yasmeen.Johnston59,Cathy.Sawayn63@gmail.com,(962) 753-8201 x3482
80,Coleman.Farrell,Johan_Gutkowski82@yahoo.com,1-956-755-8494 x983
81,Heaven.Boyer,Laurianne.Kilback52@gmail.com,529-520-3328
82,Orrin.Langosh,Euna93@hotmail.com,261.327.6793 x0722
83,Lamar.Williamson,Chandler_Kunze87@yahoo.com,392-203-4920
84,Blaze.McDermott,Eugenia_Koepp@yahoo.com,(949) 397-5417
85,Gunner68,Dannie11@yahoo.com,315.961.7759 x78767
86,Armando73,Ida_Russel53@hotmail.com,(526) 573-5921 x1335
87,Freeman96,Sandy87@hotmail.com,379.527.6718 x718
88,Albina_Wuckert7,Cordie12@gmail.com,1-389-394-1143
89,Alanis.Lowe,Diego71@hotmail.com,1-735-572-7360 x532
90,Griffin.Wintheiser62,Ada82@gmail.com,(376) 454-0942 x60487
91,Simeon17,Frederick.Ernser@yahoo.com,498-926-4680
92,Lesly.Olson52,Jamey.Stanton0@yahoo.com,(208) 919-2391 x963
93,Pattie_OReilly,Arch_Hintz80@yahoo.com,1-389-436-6639 x47403
94,Jaeden38,Maegan.Ebert49@yahoo.com,(487) 340-8105
95,Oceane.Hand,Everette30@yahoo.com,985-243-8284
96,Allan94,Dayne.Boyle@yahoo.com,1-258-230-4981 x8227
97,Alden_Herman47,Danika48@yahoo.com,800.671.5235
98,Aurore56,Mackenzie83@gmail.com,(242) 647-4319
99,Sadye_Hermiston25,Hershel30@yahoo.com,1-991-727-7846 x3576
